[
  {
    "step": 0,
    "timestamp": "2026-01-27T10:26:23.666032",
    "step_type": "initial",
    "observation": {
      "state": {
        "step": 0,
        "objects": [
          {
            "object_id": 0,
            "name": "box",
            "position": [
              0.0,
              0.0,
              0.0
            ],
            "orientation": [
              0.0,
              0.0,
              0.0,
              1.0
            ],
            "object_type": "container",
            "properties": {
              "is_container": true,
              "box_size": [
                2,
                2,
                2
              ]
            }
          },
          {
            "object_id": 1,
            "name": "piece_0",
            "position": [
              4.5,
              1.0,
              1.5
            ],
            "orientation": [
              0.0,
              0.0,
              0.0,
              1.0
            ],
            "object_type": "piece",
            "properties": {
              "piece_id": "0",
              "placed": false,
              "cells": [
                [
                  5,
                  1,
                  1
                ],
                [
                  5,
                  1,
                  2
                ],
                [
                  4,
                  1,
                  1
                ],
                [
                  4,
                  1,
                  2
                ]
              ]
            }
          },
          {
            "object_id": 2,
            "name": "piece_1",
            "position": [
              8.5,
              1.0,
              1.5
            ],
            "orientation": [
              0.0,
              0.0,
              0.0,
              1.0
            ],
            "object_type": "piece",
            "properties": {
              "piece_id": "1",
              "placed": false,
              "cells": [
                [
                  9,
                  1,
                  1
                ],
                [
                  9,
                  1,
                  2
                ],
                [
                  8,
                  1,
                  1
                ],
                [
                  8,
                  1,
                  2
                ]
              ]
            }
          }
        ],
        "time_stamp": 0,
        "metadata": {
          "puzzle_size": "2x2x2",
          "puzzle_id": "puzzle_easy_001",
          "placed_pieces": [],
          "unplaced_pieces": [
            "0",
            "1"
          ],
          "is_complete": false
        }
      },
      "description": "Puzzle: 2x2x2/puzzle_easy_001\nBox cells: 2x2x2\nPlaced: 0, Unplaced: 2\nUnplaced pieces: 0, 1"
    },
    "system_prompt": "",
    "user_prompt": "\nYou are solving a 3D packing puzzle.\n\n**Goal:** Pack every piece into the **2x2x2** box for puzzle **`puzzle_easy_001`**. You must fill **all 3 cells** with **no collisions** and **no out-of-bounds** placements.\n\n**Critical rules:**\n\n1. **First, carefully read the list of available tools** (their names, required arguments, and what state they return).\n2. **Use the current image / board progress** as the ground-truth state of what is already placed and what remains.\n3. Think in 3D and plan explicitly: build a mental model of the box as **(x, y, z)** layers, check **cross-sections** layer-by-layer, and reason about **connectivity/voids** (avoid creating unreachable 1-cell cavities). Prefer a strategy like **anchor corners/edges \u2192 fill constrained regions \u2192 resolve remaining gaps**, and consider symmetry/rotations to match piece geometry.\n4. Work in a safe order: **inspect pieces \u2192 plan a feasible sequence \u2192 place pieces step-by-step**, verifying after each placement (collision-free, in-bounds, and consistent with your 3D plan).\n5. If a placement fails (collision / invalid) or you realize it blocks the remaining space, **backtrack**: use **`pickup`** to remove the previously placed piece (or the piece causing the conflict), then try a different orientation/order and re-place. Use `pickup` especially when a recent move seems to create trapped voids or misaligns with your layer-by-layer plan.\n6. Only call **`finish`** when the box is fully filled and valid.\n\n**Output format constraints:**\n\n* Do **not** output multiple actions.\n* You **MUST** end your response with **exactly one tool call** wrapped as:\n\n  * `<action> XXX </action>`\n* `XXX` must be the **exact tool invocation content** (use the tool\u2019s required schema/arguments).\n* **ALWAYS** call a tool to advance the game state. Do not just describe your plan without taking action.\n\n**Now do the next step.**\n\nExample format for placing a piece (e.g., placing piece \"3\" at specific coordinates):\n<action>{\"tool\":\"place\",\"piece_id\":\"3\",\"cells\":[[1,1,2],[2,1,2]]}</action>        \n        ",
    "tools": [
      {
        "type": "function",
        "function": {
          "name": "state",
          "description": "Show current game state (same as CLI 'state'): box size, occupancy, and placed/unplaced pieces.",
          "parameters": {
            "type": "object",
            "properties": {},
            "required": []
          }
        }
      },
      {
        "type": "function",
        "function": {
          "name": "place",
          "description": "Place a piece (CLI 'place <id>') using explicit cells. Provide all occupied cells in 1-based coordinates; length must match the piece voxel count. Example: [[1, 1, 1], [1, 2, 1], [2, 1, 1], [2, 1, 2]] (verify these cells form the same shape as the chosen piece; different valid cell layouts can represent rotations).",
          "parameters": {
            "type": "object",
            "properties": {
              "piece_id": {
                "type": "string",
                "description": "Piece identifier to place."
              },
              "cells": {
                "type": "array",
                "items": {
                  "type": "array",
                  "items": {
                    "type": "integer"
                  },
                  "minItems": 3,
                  "maxItems": 3
                },
                "description": "Exact 1-based coordinates for every voxel of the piece."
              }
            },
            "required": [
              "piece_id",
              "cells"
            ]
          }
        }
      },
      {
        "type": "function",
        "function": {
          "name": "pickup",
          "description": "Pick up a placed piece (CLI 'pickup <id>') so it can be repositioned. Use this to remove a previously placed block when it was placed incorrectly or needs adjusting.",
          "parameters": {
            "type": "object",
            "properties": {
              "piece_id": {
                "type": "string",
                "description": "Piece identifier to remove."
              }
            },
            "required": [
              "piece_id"
            ]
          }
        }
      }
    ],
    "image_path": "logs/stacking_20260127_102623/level_0_2x2x2_easy_001/level_0_2x2x2_easy_001_run_1_20260127_102623/images/step_0.png"
  },
  {
    "step": 1,
    "timestamp": "2026-01-27T10:26:34.472520",
    "step_type": "action",
    "agent_response": "**Clarifying voxel placement**\n\nI need to solve a 2x2x2 grid using two pieces, each comprising 4 voxels. The user's mention of 3 cells seems inconsistent; we should fill all 8. I'll use game tools to visualize the shapes. The pieces appear as 2x2 slabs, likely each being a 2x2x1 arrangement, making it simpler. So, I'll place the first piece at the bottom (z=1) and the second at the top (z=2), adjusting their coordinates accordingly. Now, I can start placing piece0!",
    "tool_call": {
      "id": "call_blblOUPqqZSgImfriv1KrY7V",
      "type": "function",
      "function": {
        "name": "place",
        "arguments": "{\"piece_id\":\"0\",\"cells\":[[1,1,1],[2,1,1],[1,2,1],[2,2,1]]}"
      }
    },
    "action": {
      "action_type": "place",
      "parameters": {
        "piece_id": "0",
        "cells": [
          [
            1,
            1,
            1
          ],
          [
            2,
            1,
            1
          ],
          [
            1,
            2,
            1
          ],
          [
            2,
            2,
            1
          ]
        ]
      }
    },
    "observation": {
      "state": {
        "step": 1,
        "objects": [
          {
            "object_id": 0,
            "name": "box",
            "position": [
              0.0,
              0.0,
              0.0
            ],
            "orientation": [
              0.0,
              0.0,
              0.0,
              1.0
            ],
            "object_type": "container",
            "properties": {
              "is_container": true,
              "box_size": [
                2,
                2,
                2
              ]
            }
          },
          {
            "object_id": 1,
            "name": "piece_0",
            "position": [
              1.5,
              1.5,
              1.0
            ],
            "orientation": [
              0.0,
              0.0,
              0.0,
              1.0
            ],
            "object_type": "piece",
            "properties": {
              "piece_id": "0",
              "rot": 2,
              "placed": true,
              "cells": [
                [
                  1,
                  1,
                  1
                ],
                [
                  2,
                  1,
                  1
                ],
                [
                  1,
                  2,
                  1
                ],
                [
                  2,
                  2,
                  1
                ]
              ]
            }
          },
          {
            "object_id": 2,
            "name": "piece_1",
            "position": [
              8.5,
              1.0,
              1.5
            ],
            "orientation": [
              0.0,
              0.0,
              0.0,
              1.0
            ],
            "object_type": "piece",
            "properties": {
              "piece_id": "1",
              "placed": false,
              "cells": [
                [
                  9,
                  1,
                  1
                ],
                [
                  9,
                  1,
                  2
                ],
                [
                  8,
                  1,
                  1
                ],
                [
                  8,
                  1,
                  2
                ]
              ]
            }
          }
        ],
        "time_stamp": 1,
        "metadata": {
          "puzzle_size": "2x2x2",
          "puzzle_id": "puzzle_easy_001",
          "placed_pieces": [
            "0"
          ],
          "unplaced_pieces": [
            "1"
          ],
          "is_complete": false,
          "tool_call": {
            "action_type": "place",
            "parameters": {
              "piece_id": "0",
              "cells": [
                [
                  1,
                  1,
                  1
                ],
                [
                  2,
                  1,
                  1
                ],
                [
                  1,
                  2,
                  1
                ],
                [
                  2,
                  2,
                  1
                ]
              ]
            }
          },
          "tool_result": {
            "status": "success",
            "message": "Piece placed successfully",
            "transform": {
              "rotation": 2,
              "position": [
                1,
                1,
                1
              ]
            }
          }
        }
      },
      "description": "Puzzle: 2x2x2/puzzle_easy_001\nBox cells: 2x2x2\nPlaced: 1, Unplaced: 1\nLast tool: place with {'piece_id': '0', 'cells': [[1, 1, 1], [2, 1, 1], [1, 2, 1], [2, 2, 1]]}, result: success - Piece placed successfully\nPlaced pieces: 0(4 cells @ rot 2)\nUnplaced pieces: 1"
    },
    "tool_result": {
      "status": "success",
      "message": "Piece placed successfully",
      "transform": {
        "rotation": 2,
        "position": [
          1,
          1,
          1
        ]
      }
    },
    "image_path": "logs/stacking_20260127_102623/level_0_2x2x2_easy_001/level_0_2x2x2_easy_001_run_1_20260127_102623/images/step_1.png"
  },
  {
    "step": 2,
    "timestamp": "2026-01-27T10:26:44.828615",
    "step_type": "action",
    "agent_response": "**Arranging pieces effectively**\n\nI need to place the remaining piece1 in the top layer at z=2, filling all 8 positions since piece0 is already at z=1 across four cells. Piece1 appears to be a 2x2 slab, and I want to confirm its shape. The preview shows what looks like a 2x2 arrangement, so I\u2019ll place it at coordinates [[1,1,2],[2,1,2],[1,2,2],[2,2,2]]. I\u2019m ensuring these coordinates are 1-based for layer 2. Finally, I\u2019ll make this as a single tool call wrapped in <action>. Let's move forward!",
    "tool_call": {
      "id": "call_uie4cByAQN46lx6NAErGPrJ4",
      "type": "function",
      "function": {
        "name": "place",
        "arguments": "{\"piece_id\":\"1\",\"cells\":[[1,1,2],[2,1,2],[1,2,2],[2,2,2]]}"
      }
    },
    "action": {
      "action_type": "place",
      "parameters": {
        "piece_id": "1",
        "cells": [
          [
            1,
            1,
            2
          ],
          [
            2,
            1,
            2
          ],
          [
            1,
            2,
            2
          ],
          [
            2,
            2,
            2
          ]
        ]
      }
    },
    "observation": {
      "state": {
        "step": 2,
        "objects": [
          {
            "object_id": 0,
            "name": "box",
            "position": [
              0.0,
              0.0,
              0.0
            ],
            "orientation": [
              0.0,
              0.0,
              0.0,
              1.0
            ],
            "object_type": "container",
            "properties": {
              "is_container": true,
              "box_size": [
                2,
                2,
                2
              ]
            }
          },
          {
            "object_id": 1,
            "name": "piece_0",
            "position": [
              1.5,
              1.5,
              1.0
            ],
            "orientation": [
              0.0,
              0.0,
              0.0,
              1.0
            ],
            "object_type": "piece",
            "properties": {
              "piece_id": "0",
              "rot": 2,
              "placed": true,
              "cells": [
                [
                  1,
                  1,
                  1
                ],
                [
                  2,
                  1,
                  1
                ],
                [
                  1,
                  2,
                  1
                ],
                [
                  2,
                  2,
                  1
                ]
              ]
            }
          },
          {
            "object_id": 2,
            "name": "piece_1",
            "position": [
              1.5,
              1.5,
              2.0
            ],
            "orientation": [
              0.0,
              0.0,
              0.0,
              1.0
            ],
            "object_type": "piece",
            "properties": {
              "piece_id": "1",
              "rot": 2,
              "placed": true,
              "cells": [
                [
                  1,
                  1,
                  2
                ],
                [
                  2,
                  1,
                  2
                ],
                [
                  1,
                  2,
                  2
                ],
                [
                  2,
                  2,
                  2
                ]
              ]
            }
          }
        ],
        "time_stamp": 2,
        "metadata": {
          "puzzle_size": "2x2x2",
          "puzzle_id": "puzzle_easy_001",
          "placed_pieces": [
            "0",
            "1"
          ],
          "unplaced_pieces": [],
          "is_complete": true,
          "tool_call": {
            "action_type": "place",
            "parameters": {
              "piece_id": "1",
              "cells": [
                [
                  1,
                  1,
                  2
                ],
                [
                  2,
                  1,
                  2
                ],
                [
                  1,
                  2,
                  2
                ],
                [
                  2,
                  2,
                  2
                ]
              ]
            }
          },
          "tool_result": {
            "status": "success",
            "message": "Piece placed successfully",
            "transform": {
              "rotation": 2,
              "position": [
                1,
                1,
                2
              ]
            }
          }
        }
      },
      "description": "Puzzle: 2x2x2/puzzle_easy_001\nBox cells: 2x2x2\nPlaced: 2, Unplaced: 0\nLast tool: place with {'piece_id': '1', 'cells': [[1, 1, 2], [2, 1, 2], [1, 2, 2], [2, 2, 2]]}, result: success - Piece placed successfully\nPlaced pieces: 0(4 cells @ rot 2), 1(4 cells @ rot 2)\nPuzzle complete."
    },
    "tool_result": {
      "status": "success",
      "message": "Piece placed successfully",
      "transform": {
        "rotation": 2,
        "position": [
          1,
          1,
          2
        ]
      }
    },
    "image_path": "logs/stacking_20260127_102623/level_0_2x2x2_easy_001/level_0_2x2x2_easy_001_run_1_20260127_102623/images/step_2.png"
  }
]