[
  {
    "step": 0,
    "timestamp": "2026-01-27T10:29:14.720423",
    "step_type": "initial",
    "observation": {
      "state": {
        "step": 0,
        "objects": [
          {
            "object_id": 0,
            "name": "box",
            "position": [
              0.0,
              0.0,
              0.0
            ],
            "orientation": [
              0.0,
              0.0,
              0.0,
              1.0
            ],
            "object_type": "container",
            "properties": {
              "is_container": true,
              "box_size": [
                2,
                3,
                3
              ]
            }
          },
          {
            "object_id": 1,
            "name": "piece_0",
            "position": [
              4.6,
              1.0,
              2.2
            ],
            "orientation": [
              0.0,
              0.0,
              0.0,
              1.0
            ],
            "object_type": "piece",
            "properties": {
              "piece_id": "0",
              "placed": false,
              "cells": [
                [
                  5,
                  1,
                  3
                ],
                [
                  4,
                  1,
                  3
                ],
                [
                  5,
                  1,
                  2
                ],
                [
                  4,
                  1,
                  2
                ],
                [
                  5,
                  1,
                  1
                ]
              ]
            }
          },
          {
            "object_id": 2,
            "name": "piece_1",
            "position": [
              8.8,
              1.6,
              1.0
            ],
            "orientation": [
              0.0,
              0.0,
              0.0,
              1.0
            ],
            "object_type": "piece",
            "properties": {
              "piece_id": "1",
              "placed": false,
              "cells": [
                [
                  8,
                  2,
                  1
                ],
                [
                  8,
                  1,
                  1
                ],
                [
                  9,
                  2,
                  1
                ],
                [
                  9,
                  1,
                  1
                ],
                [
                  10,
                  2,
                  1
                ]
              ]
            }
          },
          {
            "object_id": 3,
            "name": "piece_2",
            "position": [
              13.25,
              1.0,
              1.75
            ],
            "orientation": [
              0.0,
              0.0,
              0.0,
              1.0
            ],
            "object_type": "piece",
            "properties": {
              "piece_id": "2",
              "placed": false,
              "cells": [
                [
                  13,
                  1,
                  3
                ],
                [
                  13,
                  1,
                  2
                ],
                [
                  14,
                  1,
                  1
                ],
                [
                  13,
                  1,
                  1
                ]
              ]
            }
          },
          {
            "object_id": 4,
            "name": "piece_3",
            "position": [
              17.25,
              1.75,
              1.0
            ],
            "orientation": [
              0.0,
              0.0,
              0.0,
              1.0
            ],
            "object_type": "piece",
            "properties": {
              "piece_id": "3",
              "placed": false,
              "cells": [
                [
                  17,
                  3,
                  1
                ],
                [
                  17,
                  2,
                  1
                ],
                [
                  18,
                  1,
                  1
                ],
                [
                  17,
                  1,
                  1
                ]
              ]
            }
          }
        ],
        "time_stamp": 0,
        "metadata": {
          "puzzle_size": "2x3x3",
          "puzzle_id": "puzzle_mid_001",
          "placed_pieces": [],
          "unplaced_pieces": [
            "0",
            "1",
            "2",
            "3"
          ],
          "is_complete": false
        }
      },
      "description": "Puzzle: 2x3x3/puzzle_mid_001\nBox cells: 2x3x3\nPlaced: 0, Unplaced: 4\nUnplaced pieces: 0, 1, 2, 3"
    },
    "system_prompt": "",
    "user_prompt": "\nYou are solving a 3D packing puzzle.\n\n**Goal:** Pack every piece into the **2x3x3** box for puzzle **`puzzle_mid_001`**. You must fill **all 3 cells** with **no collisions** and **no out-of-bounds** placements.\n\n**Critical rules:**\n\n1. **First, carefully read the list of available tools** (their names, required arguments, and what state they return).\n2. **Use the current image / board progress** as the ground-truth state of what is already placed and what remains.\n3. Think in 3D and plan explicitly: build a mental model of the box as **(x, y, z)** layers, check **cross-sections** layer-by-layer, and reason about **connectivity/voids** (avoid creating unreachable 1-cell cavities). Prefer a strategy like **anchor corners/edges \u2192 fill constrained regions \u2192 resolve remaining gaps**, and consider symmetry/rotations to match piece geometry.\n4. Work in a safe order: **inspect pieces \u2192 plan a feasible sequence \u2192 place pieces step-by-step**, verifying after each placement (collision-free, in-bounds, and consistent with your 3D plan).\n5. If a placement fails (collision / invalid) or you realize it blocks the remaining space, **backtrack**: use **`pickup`** to remove the previously placed piece (or the piece causing the conflict), then try a different orientation/order and re-place. Use `pickup` especially when a recent move seems to create trapped voids or misaligns with your layer-by-layer plan.\n6. Only call **`finish`** when the box is fully filled and valid.\n\n**Output format constraints:**\n\n* Do **not** output multiple actions.\n* You **MUST** end your response with **exactly one tool call** wrapped as:\n\n  * `<action> XXX </action>`\n* `XXX` must be the **exact tool invocation content** (use the tool\u2019s required schema/arguments).\n* **ALWAYS** call a tool to advance the game state. Do not just describe your plan without taking action.\n\n**Now do the next step.**\n\nExample format for placing a piece (e.g., placing piece \"3\" at specific coordinates):\n<action>{\"tool\":\"place\",\"piece_id\":\"3\",\"cells\":[[1,1,2],[2,1,2]]}</action>        \n        ",
    "tools": [
      {
        "type": "function",
        "function": {
          "name": "state",
          "description": "Show current game state (same as CLI 'state'): box size, occupancy, and placed/unplaced pieces.",
          "parameters": {
            "type": "object",
            "properties": {},
            "required": []
          }
        }
      },
      {
        "type": "function",
        "function": {
          "name": "place",
          "description": "Place a piece (CLI 'place <id>') using explicit cells. Provide all occupied cells in 1-based coordinates; length must match the piece voxel count. Example: [[1, 1, 1], [1, 2, 1], [2, 1, 1], [2, 1, 2]] (verify these cells form the same shape as the chosen piece; different valid cell layouts can represent rotations).",
          "parameters": {
            "type": "object",
            "properties": {
              "piece_id": {
                "type": "string",
                "description": "Piece identifier to place."
              },
              "cells": {
                "type": "array",
                "items": {
                  "type": "array",
                  "items": {
                    "type": "integer"
                  },
                  "minItems": 3,
                  "maxItems": 3
                },
                "description": "Exact 1-based coordinates for every voxel of the piece."
              }
            },
            "required": [
              "piece_id",
              "cells"
            ]
          }
        }
      },
      {
        "type": "function",
        "function": {
          "name": "pickup",
          "description": "Pick up a placed piece (CLI 'pickup <id>') so it can be repositioned. Use this to remove a previously placed block when it was placed incorrectly or needs adjusting.",
          "parameters": {
            "type": "object",
            "properties": {
              "piece_id": {
                "type": "string",
                "description": "Piece identifier to remove."
              }
            },
            "required": [
              "piece_id"
            ]
          }
        }
      }
    ],
    "image_path": "logs/stacking_20260127_102623/level_15_2x3x3_mid_001/level_15_2x3x3_mid_001_run_1_20260127_102914/images/step_0.png"
  },
  {
    "step": 1,
    "timestamp": "2026-01-27T10:29:34.690527",
    "step_type": "action",
    "agent_response": "**Solving the box volume problem**\n\nI need to solve the volume of a 2x3x3 box, which totals 18 units. The prompt may have a mistake regarding \u201cfill all 3 cells\u201d \u2014 it's actually about fitting 18 pieces of sizes 5, 5, 4, and 4. First, I should examine the shapes of the pieces shown in an image. For Piece 0, it looks like an L pentomino, possibly arranged like a 2x2 square with one block below. I should interpret all shapes carefully.**Identifying piece shapes**\n\nI'm trying to identify the shapes of several pieces. Piece 0 looks like a flat 2x2 square with an extra block, perhaps a P pentomino. It seems to form a 3-cube row with one behind it. For Piece 2, the blue one, it resembles either a T tetromino or an L, showing three vertical and one attached at the bottom. Piece 3, which is green, seems zigzagged \u2014 maybe forming an L with three in a row and one in the middle. Visual interpretations are tricky, so I might need to query the environment for piece coordinates.**Planning piece placement**\n\nI think we can try placing the pieces and see if they'll fit. My strategy is to start by placing one piece anchored at a corner and testing its orientation. We need to know the exact cells for each piece, but I can propose placements based on my guesses. If a placement isn't valid, the tool will fail, and I can backtrack.\n\nBefore making any placements, it might be a good idea to call the state function first to get the exact piece definitions and their voxel sets.",
    "tool_call": {
      "id": "call_v5CTSuokPjKCyZgyN783O7fH",
      "type": "function",
      "function": {
        "name": "state",
        "arguments": "{}"
      }
    },
    "action": {
      "action_type": "state",
      "parameters": {}
    },
    "observation": {
      "state": {
        "step": 1,
        "objects": [
          {
            "object_id": 0,
            "name": "box",
            "position": [
              0.0,
              0.0,
              0.0
            ],
            "orientation": [
              0.0,
              0.0,
              0.0,
              1.0
            ],
            "object_type": "container",
            "properties": {
              "is_container": true,
              "box_size": [
                2,
                3,
                3
              ]
            }
          },
          {
            "object_id": 1,
            "name": "piece_0",
            "position": [
              4.6,
              1.0,
              2.2
            ],
            "orientation": [
              0.0,
              0.0,
              0.0,
              1.0
            ],
            "object_type": "piece",
            "properties": {
              "piece_id": "0",
              "placed": false,
              "cells": [
                [
                  5,
                  1,
                  3
                ],
                [
                  4,
                  1,
                  3
                ],
                [
                  5,
                  1,
                  2
                ],
                [
                  4,
                  1,
                  2
                ],
                [
                  5,
                  1,
                  1
                ]
              ]
            }
          },
          {
            "object_id": 2,
            "name": "piece_1",
            "position": [
              8.8,
              1.6,
              1.0
            ],
            "orientation": [
              0.0,
              0.0,
              0.0,
              1.0
            ],
            "object_type": "piece",
            "properties": {
              "piece_id": "1",
              "placed": false,
              "cells": [
                [
                  8,
                  2,
                  1
                ],
                [
                  8,
                  1,
                  1
                ],
                [
                  9,
                  2,
                  1
                ],
                [
                  9,
                  1,
                  1
                ],
                [
                  10,
                  2,
                  1
                ]
              ]
            }
          },
          {
            "object_id": 3,
            "name": "piece_2",
            "position": [
              13.25,
              1.0,
              1.75
            ],
            "orientation": [
              0.0,
              0.0,
              0.0,
              1.0
            ],
            "object_type": "piece",
            "properties": {
              "piece_id": "2",
              "placed": false,
              "cells": [
                [
                  13,
                  1,
                  3
                ],
                [
                  13,
                  1,
                  2
                ],
                [
                  14,
                  1,
                  1
                ],
                [
                  13,
                  1,
                  1
                ]
              ]
            }
          },
          {
            "object_id": 4,
            "name": "piece_3",
            "position": [
              17.25,
              1.75,
              1.0
            ],
            "orientation": [
              0.0,
              0.0,
              0.0,
              1.0
            ],
            "object_type": "piece",
            "properties": {
              "piece_id": "3",
              "placed": false,
              "cells": [
                [
                  17,
                  3,
                  1
                ],
                [
                  17,
                  2,
                  1
                ],
                [
                  18,
                  1,
                  1
                ],
                [
                  17,
                  1,
                  1
                ]
              ]
            }
          }
        ],
        "time_stamp": 1,
        "metadata": {
          "puzzle_size": "2x3x3",
          "puzzle_id": "puzzle_mid_001",
          "placed_pieces": [],
          "unplaced_pieces": [
            "0",
            "1",
            "2",
            "3"
          ],
          "is_complete": false,
          "tool_call": {
            "action_type": "state",
            "parameters": {}
          },
          "tool_result": {
            "status": "success",
            "message": "State retrieved",
            "state": {
              "box": [
                2,
                3,
                3
              ],
              "occupied": 0,
              "total_cells": 18,
              "placed_pieces": [],
              "unplaced_pieces": [
                "0",
                "1",
                "2",
                "3"
              ],
              "is_complete": false
            }
          }
        }
      },
      "description": "Puzzle: 2x3x3/puzzle_mid_001\nBox cells: 2x3x3\nPlaced: 0, Unplaced: 4\nLast tool: state with {}, result: success - State retrieved\nUnplaced pieces: 0, 1, 2, 3"
    },
    "tool_result": {
      "status": "success",
      "message": "State retrieved",
      "state": {
        "box": [
          2,
          3,
          3
        ],
        "occupied": 0,
        "total_cells": 18,
        "placed_pieces": [],
        "unplaced_pieces": [
          "0",
          "1",
          "2",
          "3"
        ],
        "is_complete": false
      }
    },
    "image_path": "logs/stacking_20260127_102623/level_15_2x3x3_mid_001/level_15_2x3x3_mid_001_run_1_20260127_102914/images/step_1.png"
  },
  {
    "step": 2,
    "timestamp": "2026-01-27T10:30:39.529560",
    "step_type": "action",
    "agent_response": "**Analyzing piece arrangement**\n\nI need to decide how to place pieces by identifying shapes in the image. I've got a 2x3x3 box, which has 18 voxels, and I need to fit all pieces that total 18. The first piece, red, looks like a vertical column of three blocks with two adjacent blocks on top, creating a 2x2 shape. It\u2019s probably a \"P\" pentomino in 3D. The second piece, teal, seems flat with five voxels. Let's keep analyzing!**Identifying piece shapes**\n\nIt seems the red piece looks like a 2x2 square with an extra block attached, resembling a \"P\" pentomino in a flat arrangement. There are four blocks in a 2x2 shape, plus one more attached, making it five blocks total on the same layer. The blue piece has four voxels, appearing to stack three vertically with one attached at the bottom, kind of like an \"L\" tetromino. The green piece looks like it's arranged in a \"T\" or possibly an \"S\" tetromino, but I need to clarify the actual shapes since the tool doesn't provide them.**Planning placements**\n\nI need to guess and try placing the pieces. If something doesn't work, I expect the tool to throw an error, but I can handle trial and error. The strategy focuses on the small 2x3x3 box, which usually uses layering along the x dimension with two layers, each 3x3. There are totals of 18 voxels, so I\u2019ll fill each z-slice. Piece 2 has a height of 3, as does Piece 0, which likely fills the vertical space. Meanwhile, Piece 1 and Piece 3 look flat, potentially filling a single z-slice. I\u2019ll analyze Piece 0 further: it seems to have two blocks stacked at the top.**Reassessing red piece shape**\n\nI\u2019m thinking the red piece might resemble a 2x2 vertical wall, with a 2x2 square on top and one block below, totaling five voxels\u2014which aligns with a \"P\" shape in 3D. But, the image of Piece 0 indicates it shows two blocks on the top layer and a column of two blocks beneath one corner, which could suggest a total of six. However, if I actually look closely: at z=3, I see two adjacent blocks, and at z=2, there are two stacked beneath, making it resemble a 2x2 pillar. I\u2019m realizing three blocks are visible in the left column.",
    "tool_call": {
      "id": "call_zcqQ2Z94lsuDOFyLrg6MU3OS",
      "type": "function",
      "function": {
        "name": "place",
        "arguments": "{\"piece_id\":\"2\",\"cells\":[[2,1,1],[2,1,2],[2,1,3],[2,2,1]]}"
      }
    },
    "action": {
      "action_type": "place",
      "parameters": {
        "piece_id": "2",
        "cells": [
          [
            2,
            1,
            1
          ],
          [
            2,
            1,
            2
          ],
          [
            2,
            1,
            3
          ],
          [
            2,
            2,
            1
          ]
        ]
      }
    },
    "observation": {
      "state": {
        "step": 2,
        "objects": [
          {
            "object_id": 0,
            "name": "box",
            "position": [
              0.0,
              0.0,
              0.0
            ],
            "orientation": [
              0.0,
              0.0,
              0.0,
              1.0
            ],
            "object_type": "container",
            "properties": {
              "is_container": true,
              "box_size": [
                2,
                3,
                3
              ]
            }
          },
          {
            "object_id": 1,
            "name": "piece_2",
            "position": [
              2.0,
              1.25,
              1.75
            ],
            "orientation": [
              0.0,
              0.0,
              0.0,
              1.0
            ],
            "object_type": "piece",
            "properties": {
              "piece_id": "2",
              "rot": 6,
              "placed": true,
              "cells": [
                [
                  2,
                  1,
                  1
                ],
                [
                  2,
                  1,
                  2
                ],
                [
                  2,
                  1,
                  3
                ],
                [
                  2,
                  2,
                  1
                ]
              ]
            }
          },
          {
            "object_id": 2,
            "name": "piece_0",
            "position": [
              4.6,
              1.0,
              2.2
            ],
            "orientation": [
              0.0,
              0.0,
              0.0,
              1.0
            ],
            "object_type": "piece",
            "properties": {
              "piece_id": "0",
              "placed": false,
              "cells": [
                [
                  5,
                  1,
                  3
                ],
                [
                  4,
                  1,
                  3
                ],
                [
                  5,
                  1,
                  2
                ],
                [
                  4,
                  1,
                  2
                ],
                [
                  5,
                  1,
                  1
                ]
              ]
            }
          },
          {
            "object_id": 3,
            "name": "piece_1",
            "position": [
              8.8,
              1.6,
              1.0
            ],
            "orientation": [
              0.0,
              0.0,
              0.0,
              1.0
            ],
            "object_type": "piece",
            "properties": {
              "piece_id": "1",
              "placed": false,
              "cells": [
                [
                  8,
                  2,
                  1
                ],
                [
                  8,
                  1,
                  1
                ],
                [
                  9,
                  2,
                  1
                ],
                [
                  9,
                  1,
                  1
                ],
                [
                  10,
                  2,
                  1
                ]
              ]
            }
          },
          {
            "object_id": 4,
            "name": "piece_3",
            "position": [
              17.25,
              1.75,
              1.0
            ],
            "orientation": [
              0.0,
              0.0,
              0.0,
              1.0
            ],
            "object_type": "piece",
            "properties": {
              "piece_id": "3",
              "placed": false,
              "cells": [
                [
                  17,
                  3,
                  1
                ],
                [
                  17,
                  2,
                  1
                ],
                [
                  18,
                  1,
                  1
                ],
                [
                  17,
                  1,
                  1
                ]
              ]
            }
          }
        ],
        "time_stamp": 2,
        "metadata": {
          "puzzle_size": "2x3x3",
          "puzzle_id": "puzzle_mid_001",
          "placed_pieces": [
            "2"
          ],
          "unplaced_pieces": [
            "0",
            "1",
            "3"
          ],
          "is_complete": false,
          "tool_call": {
            "action_type": "place",
            "parameters": {
              "piece_id": "2",
              "cells": [
                [
                  2,
                  1,
                  1
                ],
                [
                  2,
                  1,
                  2
                ],
                [
                  2,
                  1,
                  3
                ],
                [
                  2,
                  2,
                  1
                ]
              ]
            }
          },
          "tool_result": {
            "status": "success",
            "message": "Piece placed successfully",
            "transform": {
              "rotation": 6,
              "position": [
                2,
                1,
                1
              ]
            }
          }
        }
      },
      "description": "Puzzle: 2x3x3/puzzle_mid_001\nBox cells: 2x3x3\nPlaced: 1, Unplaced: 3\nLast tool: place with {'piece_id': '2', 'cells': [[2, 1, 1], [2, 1, 2], [2, 1, 3], [2, 2, 1]]}, result: success - Piece placed successfully\nPlaced pieces: 2(4 cells @ rot 6)\nUnplaced pieces: 0, 1, 3"
    },
    "tool_result": {
      "status": "success",
      "message": "Piece placed successfully",
      "transform": {
        "rotation": 6,
        "position": [
          2,
          1,
          1
        ]
      }
    },
    "image_path": "logs/stacking_20260127_102623/level_15_2x3x3_mid_001/level_15_2x3x3_mid_001_run_1_20260127_102914/images/step_2.png"
  },
  {
    "step": 3,
    "timestamp": "2026-01-27T10:31:06.081438",
    "step_type": "action",
    "agent_response": "**Planning box placement**\n\nI need to figure out the next steps for placing the pieces in a 2x3x3 box with a total of 18 cells. Right now, piece 2 occupies 4 cells, specifically at the x=2 layer. I have to fill the remaining 14 cells with pieces labeled 0, 1, and 3.\n\nLooking at piece 0, which has 5 voxels, it seems to form a vertical 2D shape. I think it's a column with a 2x2 top layer and three blocks attached underneath. Let's keep reasoning through this!**Analyzing piece shapes**\n\nI'm thinking about the P pentomino shape in 3D. It might be formed by three blocks in a vertical column with two blocks attached at the top levels, which creates a \"chair\" shape. In my mental image, it appears as a 2x2 wall with an extra block hanging below one of the corners.\n\nThen there's piece 1, which is teal and also has 5 voxels. It looks like a flat 2x2 square with an extra block attached, resembling a P pentomino but in a flat orientation. This helps me visualize how I\u2019ll fit them together!**Exploring piece shapes in 3D**\n\nI\u2019m considering whether these pieces could be 3D. The thumbnail shows blocks that seem to all be the same height, suggesting a planar shape. Maybe it's a bar that's three blocks long with two attached to form a \"T\"? \n\nPiece 3, which is green and has 4 voxels, looks like a \"T\" tetromino or maybe an \"L\" shape in a planar format. There\u2019s a possibility to use trial placements to see if the tool validates the shapes. I think I should query the state to get more details on the voxel coordinates!",
    "tool_call": {
      "id": "call_cB4FQgNQfrCzoP5RDTIJ1ufO",
      "type": "function",
      "function": {
        "name": "state",
        "arguments": "{}"
      }
    },
    "action": {
      "action_type": "state",
      "parameters": {}
    },
    "observation": {
      "state": {
        "step": 3,
        "objects": [
          {
            "object_id": 0,
            "name": "box",
            "position": [
              0.0,
              0.0,
              0.0
            ],
            "orientation": [
              0.0,
              0.0,
              0.0,
              1.0
            ],
            "object_type": "container",
            "properties": {
              "is_container": true,
              "box_size": [
                2,
                3,
                3
              ]
            }
          },
          {
            "object_id": 1,
            "name": "piece_2",
            "position": [
              2.0,
              1.25,
              1.75
            ],
            "orientation": [
              0.0,
              0.0,
              0.0,
              1.0
            ],
            "object_type": "piece",
            "properties": {
              "piece_id": "2",
              "rot": 6,
              "placed": true,
              "cells": [
                [
                  2,
                  1,
                  1
                ],
                [
                  2,
                  1,
                  2
                ],
                [
                  2,
                  1,
                  3
                ],
                [
                  2,
                  2,
                  1
                ]
              ]
            }
          },
          {
            "object_id": 2,
            "name": "piece_0",
            "position": [
              4.6,
              1.0,
              2.2
            ],
            "orientation": [
              0.0,
              0.0,
              0.0,
              1.0
            ],
            "object_type": "piece",
            "properties": {
              "piece_id": "0",
              "placed": false,
              "cells": [
                [
                  5,
                  1,
                  3
                ],
                [
                  4,
                  1,
                  3
                ],
                [
                  5,
                  1,
                  2
                ],
                [
                  4,
                  1,
                  2
                ],
                [
                  5,
                  1,
                  1
                ]
              ]
            }
          },
          {
            "object_id": 3,
            "name": "piece_1",
            "position": [
              8.8,
              1.6,
              1.0
            ],
            "orientation": [
              0.0,
              0.0,
              0.0,
              1.0
            ],
            "object_type": "piece",
            "properties": {
              "piece_id": "1",
              "placed": false,
              "cells": [
                [
                  8,
                  2,
                  1
                ],
                [
                  8,
                  1,
                  1
                ],
                [
                  9,
                  2,
                  1
                ],
                [
                  9,
                  1,
                  1
                ],
                [
                  10,
                  2,
                  1
                ]
              ]
            }
          },
          {
            "object_id": 4,
            "name": "piece_3",
            "position": [
              17.25,
              1.75,
              1.0
            ],
            "orientation": [
              0.0,
              0.0,
              0.0,
              1.0
            ],
            "object_type": "piece",
            "properties": {
              "piece_id": "3",
              "placed": false,
              "cells": [
                [
                  17,
                  3,
                  1
                ],
                [
                  17,
                  2,
                  1
                ],
                [
                  18,
                  1,
                  1
                ],
                [
                  17,
                  1,
                  1
                ]
              ]
            }
          }
        ],
        "time_stamp": 3,
        "metadata": {
          "puzzle_size": "2x3x3",
          "puzzle_id": "puzzle_mid_001",
          "placed_pieces": [
            "2"
          ],
          "unplaced_pieces": [
            "0",
            "1",
            "3"
          ],
          "is_complete": false,
          "tool_call": {
            "action_type": "state",
            "parameters": {}
          },
          "tool_result": {
            "status": "success",
            "message": "State retrieved",
            "state": {
              "box": [
                2,
                3,
                3
              ],
              "occupied": 4,
              "total_cells": 18,
              "placed_pieces": [
                "2"
              ],
              "unplaced_pieces": [
                "0",
                "1",
                "3"
              ],
              "is_complete": false
            }
          }
        }
      },
      "description": "Puzzle: 2x3x3/puzzle_mid_001\nBox cells: 2x3x3\nPlaced: 1, Unplaced: 3\nLast tool: state with {}, result: success - State retrieved\nPlaced pieces: 2(4 cells @ rot 6)\nUnplaced pieces: 0, 1, 3"
    },
    "tool_result": {
      "status": "success",
      "message": "State retrieved",
      "state": {
        "box": [
          2,
          3,
          3
        ],
        "occupied": 4,
        "total_cells": 18,
        "placed_pieces": [
          "2"
        ],
        "unplaced_pieces": [
          "0",
          "1",
          "3"
        ],
        "is_complete": false
      }
    },
    "image_path": "logs/stacking_20260127_102623/level_15_2x3x3_mid_001/level_15_2x3x3_mid_001_run_1_20260127_102914/images/step_3.png"
  },
  {
    "step": 4,
    "timestamp": "2026-01-27T10:32:19.804083",
    "step_type": "action",
    "agent_response": "**Interpreting cube arrangements**\n\nI'm trying to interpret a setup that shows three cubes in the front row and two behind. I see that Piece0, which is red, appears to be a three-high column with two adjacent cubes on top, creating a 2x1 formation at z=3 and z=2. Meanwhile, Piece3, which is green, seems like a bent shape\u2014three in a line with one branching out, resembling an 'S'. I'm realizing we need to systematically search placements since the box is small, and there might be known piece sets.**Deducing piece arrangements**\n\nI plan to determine the voxel count and arrangement of each piece by trial and error. The approach is to use the placement tool with guessed coordinates, and if it fails, we\u2019ll know we need to adjust. I'll have to make only one tool call per message, so we'll iterate carefully. First, I think I'll try placing piece1 as a flat 2x2 on the z=1 layer. It seems to appear flat in one z layer, so let\u2019s see if we can position it effectively in the x=1 plane.**Evaluating piece placement**\n\nI'm trying to define candidate piece1's coordinates, starting with a 2x2 square at (1,1,1) through (2,2,1) and an extension at (1,3,1). However, I realize that the x=2 coordinates are already occupied by piece2, so that won\u2019t work. Instead, I\u2019ll place piece1 entirely in the x=1 layer, which offers a flat 3x3 space. Since I'm unsure of its orientation, I need to explore its dimensions carefully, keeping the remaining 14 cells in mind for possible placement options.**Considering piece arrangements**\n\nI think pieces 0 and 1, both pentominoes, might fill the x=1 layer, along with the remaining empty spaces in x=2. The challenge is to pack the x=1 layer completely with 9 cells while also covering the 5 empty cells in x=2, making a total of 14 cells. Piece2 occupies some of the x=2 space, so I\u2019ll need to figure out how to fit pieces 0, 1, and 3 together effectively, possibly using a solver approach for placement.**Deducing piece shapes**\n\nI'm analyzing piece3 from the thumbnail, which looks like four cubes arranged in a zigzag shape, resembling a 2x3 L-shape. Piece0 appears to have five cubes structured as a \"P\" pentomino in 3D, likely with a vertical stack and additional pieces. Piece1 also resembles a \"P\" shape with five voxels in a 2x2 formation. I\u2019ve identified empty spaces in the layout, particularly at x=2, that could fit piece1\u2019s shape perfectly. I\u2019m ready to attempt placement if the fit is correct, so I'll proceed with the necessary action call.",
    "tool_call": {
      "id": "call_7GbBJLi3RB26eiSO47iDAu57",
      "type": "function",
      "function": {
        "name": "place",
        "arguments": "{\"piece_id\":\"1\",\"cells\":[[2,2,2],[2,2,3],[2,3,2],[2,3,3],[2,3,1]]}"
      }
    },
    "action": {
      "action_type": "place",
      "parameters": {
        "piece_id": "1",
        "cells": [
          [
            2,
            2,
            2
          ],
          [
            2,
            2,
            3
          ],
          [
            2,
            3,
            2
          ],
          [
            2,
            3,
            3
          ],
          [
            2,
            3,
            1
          ]
        ]
      }
    },
    "observation": {
      "state": {
        "step": 4,
        "objects": [
          {
            "object_id": 0,
            "name": "box",
            "position": [
              0.0,
              0.0,
              0.0
            ],
            "orientation": [
              0.0,
              0.0,
              0.0,
              1.0
            ],
            "object_type": "container",
            "properties": {
              "is_container": true,
              "box_size": [
                2,
                3,
                3
              ]
            }
          },
          {
            "object_id": 1,
            "name": "piece_2",
            "position": [
              2.0,
              1.25,
              1.75
            ],
            "orientation": [
              0.0,
              0.0,
              0.0,
              1.0
            ],
            "object_type": "piece",
            "properties": {
              "piece_id": "2",
              "rot": 6,
              "placed": true,
              "cells": [
                [
                  2,
                  1,
                  1
                ],
                [
                  2,
                  1,
                  2
                ],
                [
                  2,
                  1,
                  3
                ],
                [
                  2,
                  2,
                  1
                ]
              ]
            }
          },
          {
            "object_id": 2,
            "name": "piece_1",
            "position": [
              2.0,
              2.6,
              2.2
            ],
            "orientation": [
              0.0,
              0.0,
              0.0,
              1.0
            ],
            "object_type": "piece",
            "properties": {
              "piece_id": "1",
              "rot": 6,
              "placed": true,
              "cells": [
                [
                  2,
                  2,
                  2
                ],
                [
                  2,
                  2,
                  3
                ],
                [
                  2,
                  3,
                  2
                ],
                [
                  2,
                  3,
                  3
                ],
                [
                  2,
                  3,
                  1
                ]
              ]
            }
          },
          {
            "object_id": 3,
            "name": "piece_0",
            "position": [
              4.6,
              1.0,
              2.2
            ],
            "orientation": [
              0.0,
              0.0,
              0.0,
              1.0
            ],
            "object_type": "piece",
            "properties": {
              "piece_id": "0",
              "placed": false,
              "cells": [
                [
                  5,
                  1,
                  3
                ],
                [
                  4,
                  1,
                  3
                ],
                [
                  5,
                  1,
                  2
                ],
                [
                  4,
                  1,
                  2
                ],
                [
                  5,
                  1,
                  1
                ]
              ]
            }
          },
          {
            "object_id": 4,
            "name": "piece_3",
            "position": [
              17.25,
              1.75,
              1.0
            ],
            "orientation": [
              0.0,
              0.0,
              0.0,
              1.0
            ],
            "object_type": "piece",
            "properties": {
              "piece_id": "3",
              "placed": false,
              "cells": [
                [
                  17,
                  3,
                  1
                ],
                [
                  17,
                  2,
                  1
                ],
                [
                  18,
                  1,
                  1
                ],
                [
                  17,
                  1,
                  1
                ]
              ]
            }
          }
        ],
        "time_stamp": 4,
        "metadata": {
          "puzzle_size": "2x3x3",
          "puzzle_id": "puzzle_mid_001",
          "placed_pieces": [
            "1",
            "2"
          ],
          "unplaced_pieces": [
            "0",
            "3"
          ],
          "is_complete": false,
          "tool_call": {
            "action_type": "place",
            "parameters": {
              "piece_id": "1",
              "cells": [
                [
                  2,
                  2,
                  2
                ],
                [
                  2,
                  2,
                  3
                ],
                [
                  2,
                  3,
                  2
                ],
                [
                  2,
                  3,
                  3
                ],
                [
                  2,
                  3,
                  1
                ]
              ]
            }
          },
          "tool_result": {
            "status": "success",
            "message": "Piece placed successfully",
            "transform": {
              "rotation": 6,
              "position": [
                2,
                2,
                1
              ]
            }
          }
        }
      },
      "description": "Puzzle: 2x3x3/puzzle_mid_001\nBox cells: 2x3x3\nPlaced: 2, Unplaced: 2\nLast tool: place with {'piece_id': '1', 'cells': [[2, 2, 2], [2, 2, 3], [2, 3, 2], [2, 3, 3], [2, 3, 1]]}, result: success - Piece placed successfully\nPlaced pieces: 2(4 cells @ rot 6), 1(5 cells @ rot 6)\nUnplaced pieces: 0, 3"
    },
    "tool_result": {
      "status": "success",
      "message": "Piece placed successfully",
      "transform": {
        "rotation": 6,
        "position": [
          2,
          2,
          1
        ]
      }
    },
    "image_path": "logs/stacking_20260127_102623/level_15_2x3x3_mid_001/level_15_2x3x3_mid_001_run_1_20260127_102914/images/step_4.png"
  },
  {
    "step": 5,
    "timestamp": "2026-01-27T10:33:37.016302",
    "step_type": "action",
    "agent_response": "**Determining piece shapes**\n\nI need to figure out the shapes of piece0 and piece3 based on thumbnails. Piece0 appears vertical and maybe 3D in the thumbnail, but it could fit in one layer. It looks like a 2x2 square with one additional block below, showing five voxels overall. Since we\u2019re placing pieces in the x=1 plane only, they must be flat. Piece3 is likely a tetromino. All pieces could be planar, needing a pentomino plus a tetromino to fill a 3x3 area.**Analyzing piece shapes**\n\nThere are limited possibilities with pentomino shapes (5 squares) and tetromino shapes (4 squares). To tile a 3x3 area, one piece could potentially be a plus shape, but it doesn't fit. Looking at the thumbnail for piece3, it resembles a 'T' or 'S.' It looks like three blocks in a row, with one attached to the middle block, suggesting it could be a T tetromino. However, the piece also shows an offset that could indicate it\u2019s an L tetromino instead. Analyzing typical tetromino shapes is challenging!**Planning piece placements**\n\nAs an alternative, I can use trial and error to place piece3 into the x=1 plane cells, and the tool will verify the shape. Deducing the shape through success or failure would be helpful. However, the tool only returns whether pieces are placed or unplaced, without detailed geometry. So, I'll attempt to place piece3 in the x=1 plane and check if the tool accepts it. I propose piece3 is a T tetromino, with coordinates in the y-z grid, placing it as a T shape in cells (1,2,2), and arms at (1,1,2), (1,2,1), (1,3,2).**Reassessing piece3 shape**\n\nI realized that piece3 isn't a T in the expected arrangement. For a T shape in a 3x3 grid, I should choose row y=2 and columns z=1, 2, and 3, with the stem at y=1, z=2. So, I'll try placing piece3 using cells [[1,2,1],[1,2,2],[1,2,3],[1,1,2]]. If the tool accepts it, that's great! The remaining cells will correspond to piece0, with a potential \"U\" shape forming a row at y=3 and corners at y=1. Piece0 might resemble this shape, or it could potentially be a \"V\" pentomino instead!**Re-evaluating piece placements**\n\nI realized that the arrangement for piece0 isn\u2019t connected properly since the T shape leaves disconnected cells. We need the remaining five cells to form a connected polyomino. It might be better to place piece0 first. From the thumbnail, piece0 looks like a P pentomino, with a 2x2 block and one attached. I\u2019ll attempt to fit piece0 in the x=1 plane using the cells [[1,1,1],[1,1,2],[1,2,1],[1,2,2],[1,3,1]]. If the tool accepts this, I can then proceed to place piece3 with the remaining cells!",
    "tool_call": {
      "id": "call_MghzWn9XbBj2YE89jd12CQJP",
      "type": "function",
      "function": {
        "name": "place",
        "arguments": "{\"piece_id\":\"0\",\"cells\":[[1,1,1],[1,1,2],[1,2,1],[1,2,2],[1,3,1]]}"
      }
    },
    "action": {
      "action_type": "place",
      "parameters": {
        "piece_id": "0",
        "cells": [
          [
            1,
            1,
            1
          ],
          [
            1,
            1,
            2
          ],
          [
            1,
            2,
            1
          ],
          [
            1,
            2,
            2
          ],
          [
            1,
            3,
            1
          ]
        ]
      }
    },
    "observation": {
      "state": {
        "step": 5,
        "objects": [
          {
            "object_id": 0,
            "name": "box",
            "position": [
              0.0,
              0.0,
              0.0
            ],
            "orientation": [
              0.0,
              0.0,
              0.0,
              1.0
            ],
            "object_type": "container",
            "properties": {
              "is_container": true,
              "box_size": [
                2,
                3,
                3
              ]
            }
          },
          {
            "object_id": 1,
            "name": "piece_2",
            "position": [
              2.0,
              1.25,
              1.75
            ],
            "orientation": [
              0.0,
              0.0,
              0.0,
              1.0
            ],
            "object_type": "piece",
            "properties": {
              "piece_id": "2",
              "rot": 6,
              "placed": true,
              "cells": [
                [
                  2,
                  1,
                  1
                ],
                [
                  2,
                  1,
                  2
                ],
                [
                  2,
                  1,
                  3
                ],
                [
                  2,
                  2,
                  1
                ]
              ]
            }
          },
          {
            "object_id": 2,
            "name": "piece_1",
            "position": [
              2.0,
              2.6,
              2.2
            ],
            "orientation": [
              0.0,
              0.0,
              0.0,
              1.0
            ],
            "object_type": "piece",
            "properties": {
              "piece_id": "1",
              "rot": 6,
              "placed": true,
              "cells": [
                [
                  2,
                  2,
                  2
                ],
                [
                  2,
                  2,
                  3
                ],
                [
                  2,
                  3,
                  2
                ],
                [
                  2,
                  3,
                  3
                ],
                [
                  2,
                  3,
                  1
                ]
              ]
            }
          },
          {
            "object_id": 3,
            "name": "piece_0",
            "position": [
              1.0,
              1.8,
              1.4
            ],
            "orientation": [
              0.0,
              0.0,
              0.0,
              1.0
            ],
            "object_type": "piece",
            "properties": {
              "piece_id": "0",
              "rot": 0,
              "placed": true,
              "cells": [
                [
                  1,
                  1,
                  1
                ],
                [
                  1,
                  1,
                  2
                ],
                [
                  1,
                  2,
                  1
                ],
                [
                  1,
                  2,
                  2
                ],
                [
                  1,
                  3,
                  1
                ]
              ]
            }
          },
          {
            "object_id": 4,
            "name": "piece_3",
            "position": [
              17.25,
              1.75,
              1.0
            ],
            "orientation": [
              0.0,
              0.0,
              0.0,
              1.0
            ],
            "object_type": "piece",
            "properties": {
              "piece_id": "3",
              "placed": false,
              "cells": [
                [
                  17,
                  3,
                  1
                ],
                [
                  17,
                  2,
                  1
                ],
                [
                  18,
                  1,
                  1
                ],
                [
                  17,
                  1,
                  1
                ]
              ]
            }
          }
        ],
        "time_stamp": 5,
        "metadata": {
          "puzzle_size": "2x3x3",
          "puzzle_id": "puzzle_mid_001",
          "placed_pieces": [
            "0",
            "1",
            "2"
          ],
          "unplaced_pieces": [
            "3"
          ],
          "is_complete": false,
          "tool_call": {
            "action_type": "place",
            "parameters": {
              "piece_id": "0",
              "cells": [
                [
                  1,
                  1,
                  1
                ],
                [
                  1,
                  1,
                  2
                ],
                [
                  1,
                  2,
                  1
                ],
                [
                  1,
                  2,
                  2
                ],
                [
                  1,
                  3,
                  1
                ]
              ]
            }
          },
          "tool_result": {
            "status": "success",
            "message": "Piece placed successfully",
            "transform": {
              "rotation": 0,
              "position": [
                1,
                1,
                1
              ]
            }
          }
        }
      },
      "description": "Puzzle: 2x3x3/puzzle_mid_001\nBox cells: 2x3x3\nPlaced: 3, Unplaced: 1\nLast tool: place with {'piece_id': '0', 'cells': [[1, 1, 1], [1, 1, 2], [1, 2, 1], [1, 2, 2], [1, 3, 1]]}, result: success - Piece placed successfully\nPlaced pieces: 2(4 cells @ rot 6), 1(5 cells @ rot 6), 0(5 cells @ rot 0)\nUnplaced pieces: 3"
    },
    "tool_result": {
      "status": "success",
      "message": "Piece placed successfully",
      "transform": {
        "rotation": 0,
        "position": [
          1,
          1,
          1
        ]
      }
    },
    "image_path": "logs/stacking_20260127_102623/level_15_2x3x3_mid_001/level_15_2x3x3_mid_001_run_1_20260127_102914/images/step_5.png"
  },
  {
    "step": 6,
    "timestamp": "2026-01-27T10:34:04.529864",
    "step_type": "action",
    "agent_response": "**Considering piece placement**\n\nI realize that the remaining empty cells need to fit the shape of piece3; otherwise, my earlier placements would be incorrect. Since the other pieces were placed successfully, it\u2019s likely the puzzle is designed so that those empty spaces will indeed match piece3's shape. This makes me think piece3 is shaped like an L. Okay, I\u2019ll proceed to place piece3 in these specific cells.",
    "tool_call": {
      "id": "call_wXpCFIwK8OuA2sBoyK6YXNrc",
      "type": "function",
      "function": {
        "name": "place",
        "arguments": "{\"piece_id\":\"3\",\"cells\":[[1,1,3],[1,2,3],[1,3,3],[1,3,2]]}"
      }
    },
    "action": {
      "action_type": "place",
      "parameters": {
        "piece_id": "3",
        "cells": [
          [
            1,
            1,
            3
          ],
          [
            1,
            2,
            3
          ],
          [
            1,
            3,
            3
          ],
          [
            1,
            3,
            2
          ]
        ]
      }
    },
    "observation": {
      "state": {
        "step": 6,
        "objects": [
          {
            "object_id": 0,
            "name": "box",
            "position": [
              0.0,
              0.0,
              0.0
            ],
            "orientation": [
              0.0,
              0.0,
              0.0,
              1.0
            ],
            "object_type": "container",
            "properties": {
              "is_container": true,
              "box_size": [
                2,
                3,
                3
              ]
            }
          },
          {
            "object_id": 1,
            "name": "piece_2",
            "position": [
              2.0,
              1.25,
              1.75
            ],
            "orientation": [
              0.0,
              0.0,
              0.0,
              1.0
            ],
            "object_type": "piece",
            "properties": {
              "piece_id": "2",
              "rot": 6,
              "placed": true,
              "cells": [
                [
                  2,
                  1,
                  1
                ],
                [
                  2,
                  1,
                  2
                ],
                [
                  2,
                  1,
                  3
                ],
                [
                  2,
                  2,
                  1
                ]
              ]
            }
          },
          {
            "object_id": 2,
            "name": "piece_1",
            "position": [
              2.0,
              2.6,
              2.2
            ],
            "orientation": [
              0.0,
              0.0,
              0.0,
              1.0
            ],
            "object_type": "piece",
            "properties": {
              "piece_id": "1",
              "rot": 6,
              "placed": true,
              "cells": [
                [
                  2,
                  2,
                  2
                ],
                [
                  2,
                  2,
                  3
                ],
                [
                  2,
                  3,
                  2
                ],
                [
                  2,
                  3,
                  3
                ],
                [
                  2,
                  3,
                  1
                ]
              ]
            }
          },
          {
            "object_id": 3,
            "name": "piece_0",
            "position": [
              1.0,
              1.8,
              1.4
            ],
            "orientation": [
              0.0,
              0.0,
              0.0,
              1.0
            ],
            "object_type": "piece",
            "properties": {
              "piece_id": "0",
              "rot": 0,
              "placed": true,
              "cells": [
                [
                  1,
                  1,
                  1
                ],
                [
                  1,
                  1,
                  2
                ],
                [
                  1,
                  2,
                  1
                ],
                [
                  1,
                  2,
                  2
                ],
                [
                  1,
                  3,
                  1
                ]
              ]
            }
          },
          {
            "object_id": 4,
            "name": "piece_3",
            "position": [
              1.0,
              2.25,
              2.75
            ],
            "orientation": [
              0.0,
              0.0,
              0.0,
              1.0
            ],
            "object_type": "piece",
            "properties": {
              "piece_id": "3",
              "rot": 0,
              "placed": true,
              "cells": [
                [
                  1,
                  1,
                  3
                ],
                [
                  1,
                  2,
                  3
                ],
                [
                  1,
                  3,
                  3
                ],
                [
                  1,
                  3,
                  2
                ]
              ]
            }
          }
        ],
        "time_stamp": 6,
        "metadata": {
          "puzzle_size": "2x3x3",
          "puzzle_id": "puzzle_mid_001",
          "placed_pieces": [
            "0",
            "1",
            "2",
            "3"
          ],
          "unplaced_pieces": [],
          "is_complete": true,
          "tool_call": {
            "action_type": "place",
            "parameters": {
              "piece_id": "3",
              "cells": [
                [
                  1,
                  1,
                  3
                ],
                [
                  1,
                  2,
                  3
                ],
                [
                  1,
                  3,
                  3
                ],
                [
                  1,
                  3,
                  2
                ]
              ]
            }
          },
          "tool_result": {
            "status": "success",
            "message": "Piece placed successfully",
            "transform": {
              "rotation": 0,
              "position": [
                1,
                1,
                2
              ]
            }
          }
        }
      },
      "description": "Puzzle: 2x3x3/puzzle_mid_001\nBox cells: 2x3x3\nPlaced: 4, Unplaced: 0\nLast tool: place with {'piece_id': '3', 'cells': [[1, 1, 3], [1, 2, 3], [1, 3, 3], [1, 3, 2]]}, result: success - Piece placed successfully\nPlaced pieces: 2(4 cells @ rot 6), 1(5 cells @ rot 6), 0(5 cells @ rot 0), 3(4 cells @ rot 0)\nPuzzle complete."
    },
    "tool_result": {
      "status": "success",
      "message": "Piece placed successfully",
      "transform": {
        "rotation": 0,
        "position": [
          1,
          1,
          2
        ]
      }
    },
    "image_path": "logs/stacking_20260127_102623/level_15_2x3x3_mid_001/level_15_2x3x3_mid_001_run_1_20260127_102914/images/step_6.png"
  }
]